{
    "id": 603,
    "cast": [
      {
        "adult": false,
        "gender": 2,
        "id": 6384,
        "known_for_department": "Acting",
        "name": "Keanu Reeves",
        "original_name": "Keanu Reeves",
        "popularity": 115.546,
        "profile_path": "/8RZLOyYGsoRe9p44q3xin9QkMHv.jpg",
        "cast_id": 34,
        "character": "Neo",
        "credit_id": "52fe425bc3a36847f80181c1",
        "order": 0
      },
      {
        "adult": false,
        "gender": 2,
        "id": 2975,
        "known_for_department": "Acting",
        "name": "Laurence Fishburne",
        "original_name": "Laurence Fishburne",
        "popularity": 28.067,
        "profile_path": "/aBRISux1AGCqkFNTKHYfLcJunWA.jpg",
        "cast_id": 21,
        "character": "Morpheus",
        "credit_id": "52fe425bc3a36847f801818d",
        "order": 1
      },
      {
        "adult": false,
        "gender": 1,
        "id": 530,
        "known_for_department": "Acting",
        "name": "Carrie-Anne Moss",
        "original_name": "Carrie-Anne Moss",
        "popularity": 25.835,
        "profile_path": "/xD4jTA3KmVp5Rq3aHcymL9DUGjD.jpg",
        "cast_id": 22,
        "character": "Trinity",
        "credit_id": "52fe425bc3a36847f8018191",
        "order": 2
      },
      {
        "adult": false,
        "gender": 2,
        "id": 1331,
        "known_for_department": "Acting",
        "name": "Hugo Weaving",
        "original_name": "Hugo Weaving",
        "popularity": 31.173,
        "profile_path": "/yDqEcheCdKGMsutMzsb0q5wYLDV.jpg",
        "cast_id": 23,
        "character": "Agent Smith",
        "credit_id": "52fe425bc3a36847f8018195",
        "order": 3
      },
      {
        "adult": false,
        "gender": 1,
        "id": 9364,
        "known_for_department": "Acting",
        "name": "Gloria Foster",
        "original_name": "Gloria Foster",
        "popularity": 6.205,
        "profile_path": "/AriGXtC9fjBOia9Zr8CZjn4o3rx.jpg",
        "cast_id": 24,
        "character": "Oracle",
        "credit_id": "52fe425bc3a36847f8018199",
        "order": 4
      },
      {
        "adult": false,
        "gender": 2,
        "id": 532,
        "known_for_department": "Acting",
        "name": "Joe Pantoliano",
        "original_name": "Joe Pantoliano",
        "popularity": 22.513,
        "profile_path": "/3OHUI3nX4SYGGItDk3xqeIvWtIf.jpg",
        "cast_id": 25,
        "character": "Cypher",
        "credit_id": "52fe425bc3a36847f801819d",
        "order": 5
      },
      {
        "adult": false,
        "gender": 2,
        "id": 9372,
        "known_for_department": "Acting",
        "name": "Marcus Chong",
        "original_name": "Marcus Chong",
        "popularity": 5.138,
        "profile_path": "/q9HQttibTj2MoXVtLjq2kKqmPrE.jpg",
        "cast_id": 26,
        "character": "Tank",
        "credit_id": "52fe425bc3a36847f80181a1",
        "order": 6
      },
      {
        "adult": false,
        "gender": 2,
        "id": 7244,
        "known_for_department": "Acting",
        "name": "Julian Arahanga",
        "original_name": "Julian Arahanga",
        "popularity": 4.817,
        "profile_path": "/g2YkF3PWSJU1vTKuURBH0DOMblm.jpg",
        "cast_id": 27,
        "character": "Apoc",
        "credit_id": "52fe425bc3a36847f80181a5",
        "order": 7
      },
      {
        "adult": false,
        "gender": 2,
        "id": 9374,
        "known_for_department": "Acting",
        "name": "Matt Doran",
        "original_name": "Matt Doran",
        "popularity": 4.643,
        "profile_path": "/4HtMShAbsZ2AyFtq5z3bOVrvw2s.jpg",
        "cast_id": 28,
        "character": "Mouse",
        "credit_id": "52fe425bc3a36847f80181a9",
        "order": 8
      },
      {
        "adult": false,
        "gender": 1,
        "id": 9376,
        "known_for_department": "Acting",
        "name": "Belinda McClory",
        "original_name": "Belinda McClory",
        "popularity": 6.627,
        "profile_path": "/wfTCwkIDJjH5k5DtuvcjP52PrLc.jpg",
        "cast_id": 29,
        "character": "Switch",
        "credit_id": "52fe425bc3a36847f80181ad",
        "order": 9
      },
      {
        "adult": false,
        "gender": 2,
        "id": 9378,
        "known_for_department": "Acting",
        "name": "Anthony Ray Parker",
        "original_name": "Anthony Ray Parker",
        "popularity": 2.428,
        "profile_path": "/k03O1ClFvGRSedUnK0sAjTkrogX.jpg",
        "cast_id": 30,
        "character": "Dozer",
        "credit_id": "52fe425bc3a36847f80181b1",
        "order": 10
      },
      {
        "adult": false,
        "gender": 2,
        "id": 9380,
        "known_for_department": "Acting",
        "name": "Paul Goddard",
        "original_name": "Paul Goddard",
        "popularity": 2.056,
        "profile_path": "/z6XP6Xhkh5ZE88gBOz2FnVQaKuf.jpg",
        "cast_id": 31,
        "character": "Agent Brown",
        "credit_id": "52fe425bc3a36847f80181b5",
        "order": 11
      },
      {
        "adult": false,
        "gender": 2,
        "id": 39545,
        "known_for_department": "Acting",
        "name": "Robert Taylor",
        "original_name": "Robert Taylor",
        "popularity": 13.663,
        "profile_path": "/wjeEGFarZNyvrqLL4W52eXnAnXe.jpg",
        "cast_id": 38,
        "character": "Agent Jones",
        "credit_id": "52fe425bc3a36847f80181cb",
        "order": 12
      },
      {
        "adult": false,
        "gender": 2,
        "id": 9383,
        "known_for_department": "Acting",
        "name": "David Aston",
        "original_name": "David Aston",
        "popularity": 2.044,
        "profile_path": "/98TG57IaWdMGBG41NHsUIWtecPX.jpg",
        "cast_id": 32,
        "character": "Rhineheart",
        "credit_id": "52fe425bc3a36847f80181b9",
        "order": 13
      },
      {
        "adult": false,
        "gender": 2,
        "id": 9384,
        "known_for_department": "Acting",
        "name": "Marc Aden Gray",
        "original_name": "Marc Aden Gray",
        "popularity": 1.004,
        "profile_path": "/veXu6ByX3OKooI9WBX6dg9U75B5.jpg",
        "cast_id": 33,
        "character": "Choi",
        "credit_id": "52fe425bc3a36847f80181bd",
        "order": 14
      },
      {
        "adult": false,
        "gender": 1,
        "id": 181214,
        "known_for_department": "Acting",
        "name": "Ada Nicodemou",
        "original_name": "Ada Nicodemou",
        "popularity": 5.366,
        "profile_path": "/n3KziDmCiKdaPfk0A88LN8kyf6Y.jpg",
        "cast_id": 39,
        "character": "Dujour",
        "credit_id": "52fe425bc3a36847f80181cf",
        "order": 15
      },
      {
        "adult": false,
        "gender": 0,
        "id": 1090466,
        "known_for_department": "Acting",
        "name": "Deni Gordon",
        "original_name": "Deni Gordon",
        "popularity": 0.844,
        "profile_path": null,
        "cast_id": 40,
        "character": "Priestess",
        "credit_id": "52fe425bc3a36847f80181d3",
        "order": 16
      },
      {
        "adult": false,
        "gender": 2,
        "id": 218366,
        "known_for_department": "Acting",
        "name": "Rowan Witt",
        "original_name": "Rowan Witt",
        "popularity": 1.503,
        "profile_path": "/2DBXtPC8HUL9pvxNhkdPbHA93kj.jpg",
        "cast_id": 41,
        "character": "Spoon Boy",
        "credit_id": "52fe425bc3a36847f80181d7",
        "order": 17
      },
      {
        "adult": false,
        "gender": 0,
        "id": 1209244,
        "known_for_department": "Acting",
        "name": "Eleanor Witt",
        "original_name": "Eleanor Witt",
        "popularity": 1.555,
        "profile_path": null,
        "cast_id": 43,
        "character": "Potential",
        "credit_id": "52fe425bc3a36847f80181df",
        "order": 18
      },
      {
        "adult": false,
        "gender": 1,
        "id": 1209245,
        "known_for_department": "Acting",
        "name": "Tamara Brown",
        "original_name": "Tamara Brown",
        "popularity": 1.357,
        "profile_path": "/2H6dMpJy2Zw9tC3jt9ztPE9hwVB.jpg",
        "cast_id": 132,
        "character": "Potential",
        "credit_id": "60adbb5d1108a8004026059a",
        "order": 19
      },
      {
        "adult": false,
        "gender": 1,
        "id": 1209246,
        "known_for_department": "Acting",
        "name": "Janaya Pender",
        "original_name": "Janaya Pender",
        "popularity": 2.041,
        "profile_path": "/vp5zai4UhXnjT56Wo61WJAtAZdm.jpg",
        "cast_id": 45,
        "character": "Potential",
        "credit_id": "52fe425bc3a36847f80181e7",
        "order": 20
      },
      {
        "adult": false,
        "gender": 0,
        "id": 1209247,
        "known_for_department": "Acting",
        "name": "Adryn White",
        "original_name": "Adryn White",
        "popularity": 0.157,
        "profile_path": null,
        "cast_id": 46,
        "character": "Potential",
        "credit_id": "52fe425bc3a36847f80181eb",
        "order": 21
      },
      {
        "adult": false,
        "gender": 0,
        "id": 1209248,
        "known_for_department": "Acting",
        "name": "Natalie Tjen",
        "original_name": "Natalie Tjen",
        "popularity": 0.113,
        "profile_path": null,
        "cast_id": 47,
        "character": "Potential",
        "credit_id": "52fe425bc3a36847f80181ef",
        "order": 22
      },
      {
        "adult": false,
        "gender": 2,
        "id": 57799,
        "known_for_department": "Acting",
        "name": "Bill Young",
        "original_name": "Bill Young",
        "popularity": 5.656,
        "profile_path": "/5FQC1XSeuIGE8r4vj0sFhY4zPCq.jpg",
        "cast_id": 42,
        "character": "Lieutenant",
        "credit_id": "52fe425bc3a36847f80181db",
        "order": 23
      },
      {
        "adult": false,
        "gender": 0,
        "id": 1209249,
        "known_for_department": "Acting",
        "name": "David O'Connor",
        "original_name": "David O'Connor",
        "popularity": 0.329,
        "profile_path": null,
        "cast_id": 48,
        "character": "FedEx Man",
        "credit_id": "52fe425bc3a36847f80181f3",
        "order": 24
      },
      {
        "adult": false,
        "gender": 2,
        "id": 1209250,
        "known_for_department": "Acting",
        "name": "Jeremy Ball",
        "original_name": "Jeremy Ball",
        "popularity": 0.306,
        "profile_path": "/rBtgBZ66Uzf3nEJrNWMttBLIWah.jpg",
        "cast_id": 49,
        "character": "Businessman",
        "credit_id": "52fe425bc3a36847f80181f7",
        "order": 25
      },
      {
        "adult": false,
        "gender": 1,
        "id": 1209251,
        "known_for_department": "Acting",
        "name": "Fiona Johnson",
        "original_name": "Fiona Johnson",
        "popularity": 2.149,
        "profile_path": "/oa1EOs4o8Pe0MI3PGbLDPPPwtcw.jpg",
        "cast_id": 50,
        "character": "Woman in Red",
        "credit_id": "52fe425bc3a36847f80181fb",
        "order": 26
      },
      {
        "adult": false,
        "gender": 2,
        "id": 110411,
        "known_for_department": "Acting",
        "name": "Harry Lawrence",
        "original_name": "Harry Lawrence",
        "popularity": 4.788,
        "profile_path": null,
        "cast_id": 51,
        "character": "Old Man",
        "credit_id": "52fe425bc3a36847f80181ff",
        "order": 27
      },
      {
        "adult": false,
        "gender": 2,
        "id": 212562,
        "known_for_department": "Acting",
        "name": "Steve Dodd",
        "original_name": "Steve Dodd",
        "popularity": 2.118,
        "profile_path": "/3H4Lqrs2j2OYsDagB8Vd29H5DaX.jpg",
        "cast_id": 52,
        "character": "Blind Man",
        "credit_id": "52fe425bc3a36847f8018203",
        "order": 28
      },
      {
        "adult": false,
        "gender": 0,
        "id": 1209252,
        "known_for_department": "Acting",
        "name": "Luke Quinton",
        "original_name": "Luke Quinton",
        "popularity": 1.75,
        "profile_path": null,
        "cast_id": 53,
        "character": "Security Guard",
        "credit_id": "52fe425bc3a36847f8018207",
        "order": 29
      },
      {
        "adult": false,
        "gender": 0,
        "id": 75715,
        "known_for_department": "Crew",
        "name": "Lawrence Woodward",
        "original_name": "Lawrence Woodward",
        "popularity": 1.291,
        "profile_path": null,
        "cast_id": 54,
        "character": "Guard",
        "credit_id": "52fe425cc3a36847f801820b",
        "order": 30
      },
      {
        "adult": false,
        "gender": 0,
        "id": 1209253,
        "known_for_department": "Acting",
        "name": "Michael Butcher",
        "original_name": "Michael Butcher",
        "popularity": 0.541,
        "profile_path": null,
        "cast_id": 55,
        "character": "Cop Who Captures Neo",
        "credit_id": "52fe425cc3a36847f801820f",
        "order": 31
      },
      {
        "adult": false,
        "gender": 2,
        "id": 1209254,
        "known_for_department": "Crew",
        "name": "Bernard Ledger",
        "original_name": "Bernard Ledger",
        "popularity": 1.172,
        "profile_path": null,
        "cast_id": 56,
        "character": "Big Cop",
        "credit_id": "52fe425cc3a36847f8018213",
        "order": 32
      },
      {
        "adult": false,
        "gender": 1,
        "id": 1209255,
        "known_for_department": "Acting",
        "name": "Chris Pattinson",
        "original_name": "Chris Pattinson",
        "popularity": 0.512,
        "profile_path": null,
        "cast_id": 58,
        "character": "Cop",
        "credit_id": "52fe425cc3a36847f801821b",
        "order": 33
      },
      {
        "adult": false,
        "gender": 2,
        "id": 26753,
        "known_for_department": "Acting",
        "name": "Robert Simper",
        "original_name": "Robert Simper",
        "popularity": 1.133,
        "profile_path": null,
        "cast_id": 57,
        "character": "Cop",
        "credit_id": "52fe425cc3a36847f8018217",
        "order": 34
      },
      {
        "adult": false,
        "gender": 2,
        "id": 1209256,
        "known_for_department": "Acting",
        "name": "Nigel Harbach",
        "original_name": "Nigel Harbach",
        "popularity": 1.565,
        "profile_path": null,
        "cast_id": 59,
        "character": "Parking Cop",
        "credit_id": "52fe425cc3a36847f801821f",
        "order": 35
      }
    ],
    "crew": [
      {
        "adult": false,
        "gender": 2,
        "id": 4671,
        "known_for_department": "Editing",
        "name": "Zach Staenberg",
        "original_name": "Zach Staenberg",
        "popularity": 1.087,
        "profile_path": "/fTE4gvedUe9xJRAdKUnCM09TkwZ.jpg",
        "credit_id": "52fe425bc3a36847f8018141",
        "department": "Editing",
        "job": "Editor"
      },
      {
        "adult": false,
        "gender": 1,
        "id": 1262,
        "known_for_department": "Production",
        "name": "Mali Finn",
        "original_name": "Mali Finn",
        "popularity": 4.89,
        "profile_path": null,
        "credit_id": "52fe425bc3a36847f8018147",
        "department": "Production",
        "job": "Casting"
      },
      {
        "adult": false,
        "gender": 2,
        "id": 9344,
        "known_for_department": "Art",
        "name": "Hugh Bateup",
        "original_name": "Hugh Bateup",
        "popularity": 0.89,
        "profile_path": null,
        "credit_id": "52fe425bc3a36847f8018159",
        "department": "Art",
        "job": "Art Direction"
      },
      {
        "adult": false,
        "gender": 2,
        "id": 1091,
        "known_for_department": "Production",
        "name": "Joel Silver",
        "original_name": "Joel Silver",
        "popularity": 9.289,
        "profile_path": "/5YWxIdEql8yyGWIcF1X3QPQ40u6.jpg",
        "credit_id": "52fe425bc3a36847f801812f",
        "department": "Production",
        "job": "Producer"
      },
      {
        "adult": false,
        "gender": 2,
        "id": 4949,
        "known_for_department": "Sound",
        "name": "Don Davis",
        "original_name": "Don Davis",
        "popularity": 0.916,
        "profile_path": "/39dDBsvnw05JCw1Qft9h6wMgVB2.jpg",
        "credit_id": "52fe425bc3a36847f8018135",
        "department": "Sound",
        "job": "Original Music Composer"
      },
      {
        "adult": false,
        "gender": 1,
        "id": 6209,
        "known_for_department": "Costume & Make-Up",
        "name": "Kym Barrett",
        "original_name": "Kym Barrett",
        "popularity": 2.281,
        "profile_path": "/tghXjZTOg23k3me3kgtcQOHo2ze.jpg",
        "credit_id": "52fe425bc3a36847f801816b",
        "department": "Costume & Make-Up",
        "job": "Costume Design"
      },
      {
        "adult": false,
        "gender": 2,
        "id": 9341,
        "known_for_department": "Camera",
        "name": "Bill Pope",
        "original_name": "Bill Pope",
        "popularity": 1.254,
        "profile_path": "/kpakvuSrk1D9D8WMt5SOi4Rs2EV.jpg",
        "credit_id": "52fe425bc3a36847f801813b",
        "department": "Camera",
        "job": "Director of Photography"
      },
      {
        "adult": false,
        "gender": 0,
        "id": 9342,
        "known_for_department": "Production",
        "name": "Shauna Wolifson",
        "original_name": "Shauna Wolifson",
        "popularity": 0.293,
        "profile_path": null,
        "credit_id": "52fe425bc3a36847f801814d",
        "department": "Production",
        "job": "Casting"
      },
      {
        "adult": false,
        "gender": 1,
        "id": 9345,
        "known_for_department": "Art",
        "name": "Michelle McGahey",
        "original_name": "Michelle McGahey",
        "popularity": 0.571,
        "profile_path": null,
        "credit_id": "52fe425bc3a36847f801815f",
        "department": "Art",
        "job": "Art Direction"
      },
      {
        "adult": false,
        "gender": 2,
        "id": 9343,
        "known_for_department": "Art",
        "name": "Owen Paterson",
        "original_name": "Owen Paterson",
        "popularity": 1.031,
        "profile_path": null,
        "credit_id": "52fe425bc3a36847f8018153",
        "department": "Art",
        "job": "Production Design"
      },
      {
        "adult": false,
        "gender": 1,
        "id": 9346,
        "known_for_department": "Art",
        "name": "Lisa Brennan",
        "original_name": "Lisa Brennan",
        "popularity": 0.248,
        "profile_path": null,
        "credit_id": "52fe425bc3a36847f8018165",
        "department": "Art",
        "job": "Set Decoration"
      },
      {
        "adult": false,
        "gender": 2,
        "id": 18899,
        "known_for_department": "Directing",
        "name": "袁和平",
        "original_name": "袁和平",
        "popularity": 6.724,
        "profile_path": "/4NJRnQGrUxqbq9tcl7cpKmd17zh.jpg",
        "credit_id": "608e58787b7b4d00295d1169",
        "department": "Crew",
        "job": "Fight Choreographer"
      },
      {
        "adult": false,
        "gender": 0,
        "id": 2088892,
        "known_for_department": "Lighting",
        "name": "Colin Wyatt",
        "original_name": "Colin Wyatt",
        "popularity": 1.147,
        "profile_path": null,
        "credit_id": "60ba9f7333a5330029927ef9",
        "department": "Lighting",
        "job": "Rigging Gaffer"
      },
      {
        "adult": false,
        "gender": 0,
        "id": 1141636,
        "known_for_department": "Lighting",
        "name": "Stephen Johnstone",
        "original_name": "Stephen Johnstone",
        "popularity": 0.665,
        "profile_path": null,
        "credit_id": "60ba9e156c84d600404f08fb",
        "department": "Lighting",
        "job": "Rigging Gaffer"
      },
      {
        "adult": false,
        "gender": 2,
        "id": 60151,
        "known_for_department": "Editing",
        "name": "Tom Costain",
        "original_name": "Tom Costain",
        "popularity": 0.722,
        "profile_path": null,
        "credit_id": "60ba9fb3ab6849002a7c4cbf",
        "department": "Editing",
        "job": "Assistant Editor"
      },
      {
        "adult": false,
        "gender": 1,
        "id": 1575759,
        "known_for_department": "Editing",
        "name": "Jenny Hicks",
        "original_name": "Jenny Hicks",
        "popularity": 0.36,
        "profile_path": null,
        "credit_id": "60baa01ee295b4002ae663fd",
        "department": "Editing",
        "job": "Assistant Editor"
      },
      {
        "adult": false,
        "gender": 0,
        "id": 2470829,
        "known_for_department": "Lighting",
        "name": "Paul Cumming",
        "original_name": "Paul Cumming",
        "popularity": 0.001,
        "profile_path": null,
        "credit_id": "60ba9d8db0422800572ec463",
        "department": "Lighting",
        "job": "Rigging Gaffer"
      },
      {
        "adult": false,
        "gender": 2,
        "id": 56786,
        "known_for_department": "Camera",
        "name": "Ross Emery",
        "original_name": "Ross Emery",
        "popularity": 2.557,
        "profile_path": null,
        "credit_id": "60ba9ddeffd44d0079ead4b6",
        "department": "Camera",
        "job": "Second Unit Director of Photography"
      },
      {
        "adult": false,
        "gender": 0,
        "id": 3114295,
        "known_for_department": "Lighting",
        "name": "Chris Loveday",
        "original_name": "Chris Loveday",
        "popularity": 0.001,
        "profile_path": null,
        "credit_id": "60ba9e9bd48cee0057a0d28c",
        "department": "Lighting",
        "job": "Rigging Gaffer"
      },
      {
        "adult": false,
        "gender": 0,
        "id": 1951551,
        "known_for_department": "Camera",
        "name": "Jay Munro",
        "original_name": "Jay Munro",
        "popularity": 0.893,
        "profile_path": null,
        "credit_id": "60ba9ebff90b19006d502a21",
        "department": "Camera",
        "job": "Key Grip"
      },
      {
        "adult": false,
        "gender": 0,
        "id": 1410562,
        "known_for_department": "Editing",
        "name": "Basia Ozerski",
        "original_name": "Basia Ozerski",
        "popularity": 0.124,
        "profile_path": null,
        "credit_id": "60baa085e295b40057aca52e",
        "department": "Editing",
        "job": "Assistant Editor"
      },
      {
        "adult": false,
        "gender": 0,
        "id": 1431514,
        "known_for_department": "Editing",
        "name": "Peter Skarratt",
        "original_name": "Peter Skarratt",
        "popularity": 0.373,
        "profile_path": null,
        "credit_id": "60baa0a433a533007907f93b",
        "department": "Editing",
        "job": "First Assistant Editor"
      },
      {
        "adult": false,
        "gender": 0,
        "id": 1536898,
        "known_for_department": "Crew",
        "name": "John Bowring",
        "original_name": "John Bowring",
        "popularity": 0.395,
        "profile_path": null,
        "credit_id": "60baa1dad48cee0040dd7327",
        "department": "Crew",
        "job": "Armorer"
      },
      {
        "adult": false,
        "gender": 0,
        "id": 3114294,
        "known_for_department": "Camera",
        "name": "Greg King",
        "original_name": "Greg King",
        "popularity": 0.001,
        "profile_path": null,
        "credit_id": "60ba9e833d7454002a537ce8",
        "department": "Camera",
        "job": "Dolly Grip"
      },
      {
        "adult": false,
        "gender": 0,
        "id": 2930156,
        "known_for_department": "Camera",
        "name": "Adrien Seffrin",
        "original_name": "Adrien Seffrin",
        "popularity": 0.096,
        "profile_path": null,
        "credit_id": "60ba9ee933a5330057ca4b37",
        "department": "Camera",
        "job": "Second Assistant Camera"
      },
      {
        "adult": false,
        "gender": 2,
        "id": 1575003,
        "known_for_department": "Editing",
        "name": "John Lee",
        "original_name": "John Lee",
        "popularity": 0.724,
        "profile_path": null,
        "credit_id": "60baa055e295b4007910fc1c",
        "department": "Editing",
        "job": "Assistant Editor"
      },
      {
        "adult": false,
        "gender": 0,
        "id": 3114292,
        "known_for_department": "Lighting",
        "name": "David Hird",
        "original_name": "David Hird",
        "popularity": 0.001,
        "profile_path": null,
        "credit_id": "60ba9df6614c6d006e240a4d",
        "department": "Lighting",
        "job": "Rigging Grip"
      },
      {
        "adult": false,
        "gender": 0,
        "id": 1900403,
        "known_for_department": "Camera",
        "name": "Michael Vivian",
        "original_name": "Michael Vivian",
        "popularity": 0.599,
        "profile_path": null,
        "credit_id": "60ba9f34b04228006da11448",
        "department": "Camera",
        "job": "Dolly Grip"
      },
      {
        "adult": false,
        "gender": 0,
        "id": 1746428,
        "known_for_department": "Camera",
        "name": "Mal Booth",
        "original_name": "Mal Booth",
        "popularity": 0.329,
        "profile_path": null,
        "credit_id": "60ba9ce433a5330057ca490a",
        "department": "Camera",
        "job": "Dolly Grip"
      },
      {
        "adult": false,
        "gender": 2,
        "id": 1733132,
        "known_for_department": "Editing",
        "name": "Mo Henry",
        "original_name": "Mo Henry",
        "popularity": 1.333,
        "profile_path": null,
        "credit_id": "60ba9fff09191b0057e9cf38",
        "department": "Editing",
        "job": "Negative Cutter"
      },
      {
        "adult": false,
        "gender": 2,
        "id": 159112,
        "known_for_department": "Editing",
        "name": "David Orr",
        "original_name": "David Orr",
        "popularity": 1.742,
        "profile_path": null,
        "credit_id": "60baa06ea410c8005815dffc",
        "department": "Editing",
        "job": "Color Timer"
      },
      {
        "adult": false,
        "gender": 0,
        "id": 2085974,
        "known_for_department": "Camera",
        "name": "Ray Brown",
        "original_name": "Ray Brown",
        "popularity": 0.565,
        "profile_path": null,
        "credit_id": "60ba9d05e295b40057aca262",
        "department": "Camera",
        "job": "Key Grip"
      },
      {
        "adult": false,
        "gender": 0,
        "id": 3113979,
        "known_for_department": "Lighting",
        "name": "Ken Talbot",
        "original_name": "Ken Talbot",
        "popularity": 0.295,
        "profile_path": null,
        "credit_id": "60ba9f0aa410c8005815df1a",
        "department": "Lighting",
        "job": "Rigging Gaffer"
      },
      {
        "adult": false,
        "gender": 0,
        "id": 2004144,
        "known_for_department": "Camera",
        "name": "Aron Walker",
        "original_name": "Aron Walker",
        "popularity": 0.251,
        "profile_path": null,
        "credit_id": "60ba9f54a410c80041dc2766",
        "department": "Camera",
        "job": "Dolly Grip"
      },
      {
        "adult": false,
        "gender": 0,
        "id": 1585725,
        "known_for_department": "Camera",
        "name": "David Elmes",
        "original_name": "David Elmes",
        "popularity": 0.393,
        "profile_path": null,
        "credit_id": "60ba9dbc41aac40029a2bde5",
        "department": "Camera",
        "job": "First Assistant \"A\" Camera"
      },
      {
        "adult": false,
        "gender": 0,
        "id": 1403724,
        "known_for_department": "Lighting",
        "name": "Miles Jones",
        "original_name": "Miles Jones",
        "popularity": 0.386,
        "profile_path": null,
        "credit_id": "60ba9e2b3d7454002a537c99",
        "department": "Lighting",
        "job": "Rigging Gaffer"
      },
      {
        "adult": false,
        "gender": 0,
        "id": 2973515,
        "known_for_department": "Camera",
        "name": "Craig Bryant",
        "original_name": "Craig Bryant",
        "popularity": 0.001,
        "profile_path": null,
        "credit_id": "60ba9d473acd20006da47ab2",
        "department": "Lighting",
        "job": "Rigging Gaffer"
      },
      {
        "adult": false,
        "gender": 0,
        "id": 2643065,
        "known_for_department": "Lighting",
        "name": "Paul Moyes",
        "original_name": "Paul Moyes",
        "popularity": 0.26,
        "profile_path": null,
        "credit_id": "60ba9eaaffd44d00581611e7",
        "department": "Lighting",
        "job": "Rigging Gaffer"
      },
      {
        "adult": false,
        "gender": 1,
        "id": 2561720,
        "known_for_department": "Crew",
        "name": "Bernadette Van Gyen",
        "original_name": "Bernadette Van Gyen",
        "popularity": 0.549,
        "profile_path": null,
        "credit_id": "60e3406a5e14e5007343ca5d",
        "department": "Crew",
        "job": "Stunts"
      },
      {
        "adult": false,
        "gender": 2,
        "id": 1438657,
        "known_for_department": "Crew",
        "name": "Johnny Hallyday",
        "original_name": "Johnny Hallyday",
        "popularity": 0.559,
        "profile_path": null,
        "credit_id": "60e342c727ff99005df9d675",
        "department": "Crew",
        "job": "Stunts"
      },
      {
        "adult": false,
        "gender": 0,
        "id": 2561715,
        "known_for_department": "Crew",
        "name": "Lou Horvath",
        "original_name": "Lou Horvath",
        "popularity": 0.372,
        "profile_path": null,
        "credit_id": "60e34306b3f6f50072f451af",
        "department": "Crew",
        "job": "Stunts"
      },
      {
        "adult": false,
        "gender": 0,
        "id": 2178903,
        "known_for_department": "Crew",
        "name": "Pauline Grebert",
        "original_name": "Pauline Grebert",
        "popularity": 0.01,
        "profile_path": null,
        "credit_id": "60e34b00b3f6f50045bff9f9",
        "department": "Crew",
        "job": "Special Effects"
      },
      {
        "adult": false,
        "gender": 0,
        "id": 2525583,
        "known_for_department": "Crew",
        "name": "Reece Robinson",
        "original_name": "Reece Robinson",
        "popularity": 0.063,
        "profile_path": null,
        "credit_id": "60e34b7acaa50800801c4582",
        "department": "Crew",
        "job": "Special Effects"
      },
      {
        "adult": false,
        "gender": 2,
        "id": 1265143,
        "known_for_department": "Crew",
        "name": "Tony Lynch",
        "original_name": "Tony Lynch",
        "popularity": 2.613,
        "profile_path": "/v7Bcha9l6gCeoSfj1w51Lko6Tow.jpg",
        "credit_id": "60e3433e84591c0045c31ecf",
        "department": "Crew",
        "job": "Stunts"
      },
      {
        "adult": false,
        "gender": 2,
        "id": 9598,
        "known_for_department": "Crew",
        "name": "Ray Anthony",
        "original_name": "Ray Anthony",
        "popularity": 1.288,
        "profile_path": null,
        "credit_id": "60e33d8e0716500046196768",
        "department": "Crew",
        "job": "Stunts"
      },
      {
        "adult": false,
        "gender": 1,
        "id": 1476975,
        "known_for_department": "Crew",
        "name": "Annette van Moorsel",
        "original_name": "Annette van Moorsel",
        "popularity": 1.7,
        "profile_path": null,
        "credit_id": "60e3376427ff990074dc291e",
        "department": "Crew",
        "job": "Stunt Double"
      },
      {
        "adult": false,
        "gender": 2,
        "id": 1871675,
        "known_for_department": "Crew",
        "name": "Darko Tuscan",
        "original_name": "Darko Tuscan",
        "popularity": 0.726,
        "profile_path": "/3xHKCLtLa0HXBV9p9hCESjgg3Th.jpg",
        "credit_id": "60e336f8b3f6f50045bfd01d",
        "department": "Crew",
        "job": "Stunt Double"
      },
      {
        "adult": false,
        "gender": 0,
        "id": 2753700,
        "known_for_department": "Crew",
        "name": "Bob Bowles",
        "original_name": "Bob Bowles",
        "popularity": 0.927,
        "profile_path": null,
        "credit_id": "60e33d3622e480002dee2ac2",
        "department": "Crew",
        "job": "Stunt Double"
      },
      {
        "adult": false,
        "gender": 2,
        "id": 2012062,
        "known_for_department": "Directing",
        "name": "Tom Read",
        "original_name": "Tom Read",
        "popularity": 0.059,
        "profile_path": null,
        "credit_id": "60e3351ccaa508002efe91ad",
        "department": "Directing",
        "job": "Second Assistant Director"
      },
      {
        "adult": false,
        "gender": 0,
        "id": 1871655,
        "known_for_department": "Crew",
        "name": "Greg Blandy",
        "original_name": "Greg Blandy",
        "popularity": 0.684,
        "profile_path": null,
        "credit_id": "60e33da55e14e5007343c2e5",
        "department": "Crew",
        "job": "Stunts"
      },
      {
        "adult": false,
        "gender": 0,
        "id": 2749496,
        "known_for_department": "Crew",
        "name": "Sotiri Sotiropoulos",
        "original_name": "Sotiri Sotiropoulos",
        "popularity": 0.093,
        "profile_path": null,
        "credit_id": "60e33fee5e14e50046cb10ce",
        "department": "Crew",
        "job": "Stunts"
      },
      {
        "adult": false,
        "gender": 0,
        "id": 1871668,
        "known_for_department": "Crew",
        "name": "Phil Meacham",
        "original_name": "Phil Meacham",
        "popularity": 0.113,
        "profile_path": null,
        "credit_id": "60e340bfa3b5e600743b0b92",
        "department": "Crew",
        "job": "Stunts"
      },
      {
        "adult": false,
        "gender": 0,
        "id": 2249021,
        "known_for_department": "Directing",
        "name": "Noni Roy",
        "original_name": "Noni Roy",
        "popularity": 0.383,
        "profile_path": null,
        "credit_id": "60e334db83ee670074beb253",
        "department": "Directing",
        "job": "Second Assistant Director"
      },
      {
        "adult": false,
        "gender": 0,
        "id": 1452260,
        "known_for_department": "Crew",
        "name": "Harry Dakanalis",
        "original_name": "Harry Dakanalis",
        "popularity": 0.783,
        "profile_path": null,
        "credit_id": "60e33ece22e480004973da2f",
        "department": "Crew",
        "job": "Stunts"
      },
      {
        "adult": false,
        "gender": 0,
        "id": 2753496,
        "known_for_department": "Crew",
        "name": "Nigel King",
        "original_name": "Nigel King",
        "popularity": 0.064,
        "profile_path": null,
        "credit_id": "60e33faedb154f0047000072",
        "department": "Crew",
        "job": "Stunts"
      },
      {
        "adult": false,
        "gender": 2,
        "id": 213087,
        "known_for_department": "Acting",
        "name": "Warwick Young",
        "original_name": "Warwick Young",
        "popularity": 0.809,
        "profile_path": "/3JBwvYRWuA0TS40uqY4EYMS24X0.jpg",
        "credit_id": "60e340e2b76cbb005dfbfd19",
        "department": "Crew",
        "job": "Stunts"
      },
      {
        "adult": false,
        "gender": 0,
        "id": 2273992,
        "known_for_department": "Directing",
        "name": "Paul Sullivan",
        "original_name": "Paul Sullivan",
        "popularity": 0.139,
        "profile_path": null,
        "credit_id": "60e3364fb76cbb005dfbe770",
        "department": "Directing",
        "job": "Third Assistant Director"
      },
      {
        "adult": false,
        "gender": 2,
        "id": 2080,
        "known_for_department": "Acting",
        "name": "Todd Bryant",
        "original_name": "Todd Bryant",
        "popularity": 5.413,
        "profile_path": "/sauMN1jgnOhafbxMytr2x42kBdG.jpg",
        "credit_id": "60e33e8c22e48000800c68b6",
        "department": "Crew",
        "job": "Stunts"
      },
      {
        "adult": false,
        "gender": 0,
        "id": 440902,
        "known_for_department": "Acting",
        "name": "Steve Morris",
        "original_name": "Steve Morris",
        "popularity": 0.701,
        "profile_path": null,
        "credit_id": "60e33fccb76cbb0073e0341a",
        "department": "Crew",
        "job": "Stunts"
      },
      {
        "adult": false,
        "gender": 0,
        "id": 1478435,
        "known_for_department": "Crew",
        "name": "Alex Kuzelicki",
        "original_name": "Alex Kuzelicki",
        "popularity": 1.194,
        "profile_path": null,
        "credit_id": "60e341b85e14e5005c0106fd",
        "department": "Crew",
        "job": "Stunts"
      },
      {
        "adult": false,
        "gender": 0,
        "id": 185440,
        "known_for_department": "Acting",
        "name": "Chris Mitchell",
        "original_name": "Chris Mitchell",
        "popularity": 0.671,
        "profile_path": null,
        "credit_id": "60e344d826dac1004557dee0",
        "department": "Crew",
        "job": "Stunts"
      },
      {
        "adult": false,
        "gender": 2,
        "id": 40644,
        "known_for_department": "Directing",
        "name": "Chad Stahelski",
        "original_name": "Chad Stahelski",
        "popularity": 7.325,
        "profile_path": "/eRCryGwKDH4XqUlrdkERmeBWPo8.jpg",
        "credit_id": "60e336dba3b5e6004588d9ef",
        "department": "Crew",
        "job": "Stunt Double"
      },
      {
        "adult": false,
        "gender": 2,
        "id": 1209256,
        "known_for_department": "Acting",
        "name": "Nigel Harbach",
        "original_name": "Nigel Harbach",
        "popularity": 1.565,
        "profile_path": null,
        "credit_id": "60e33cf5258823005d7e7f66",
        "department": "Crew",
        "job": "Stunt Double"
      },
      {
        "adult": false,
        "gender": 2,
        "id": 208282,
        "known_for_department": "Crew",
        "name": "Shea Adams",
        "original_name": "Shea Adams",
        "popularity": 1.899,
        "profile_path": "/ddsu1x41H3QIFEhLx8z7MglezYN.jpg",
        "credit_id": "60e33d1522e480002dee2a8b",
        "department": "Crew",
        "job": "Stunt Double"
      },
      {
        "adult": false,
        "gender": 0,
        "id": 1871644,
        "known_for_department": "Crew",
        "name": "Paul Gorrie",
        "original_name": "Paul Gorrie",
        "popularity": 0.593,
        "profile_path": null,
        "credit_id": "60e34ac44ca676002de17ef2",
        "department": "Crew",
        "job": "Special Effects"
      },
      {
        "adult": false,
        "gender": 0,
        "id": 3113962,
        "known_for_department": "Art",
        "name": "Tony Piliotis",
        "original_name": "Tony Piliotis",
        "popularity": 0.001,
        "profile_path": null,
        "credit_id": "60e347078805510074df2572",
        "department": "Art",
        "job": "Standby Painter"
      },
      {
        "adult": false,
        "gender": 0,
        "id": 1724280,
        "known_for_department": "Visual Effects",
        "name": "Rodney Burke",
        "original_name": "Rodney Burke",
        "popularity": 0.96,
        "profile_path": null,
        "credit_id": "60e347d4db154f0047000eff",
        "department": "Crew",
        "job": "Special Effects"
      },
      {
        "adult": false,
        "gender": 0,
        "id": 2213484,
        "known_for_department": "Crew",
        "name": "Arran Gordon",
        "original_name": "Arran Gordon",
        "popularity": 0.008,
        "profile_path": null,
        "credit_id": "60e349271e9225005dfc7914",
        "department": "Crew",
        "job": "Special Effects"
      },
      {
        "adult": false,
        "gender": 0,
        "id": 1401695,
        "known_for_department": "Crew",
        "name": "Thomas Van Koeverden",
        "original_name": "Thomas Van Koeverden",
        "popularity": 0.001,
        "profile_path": null,
        "credit_id": "60e34bbe27ff990074dc57c3",
        "department": "Crew",
        "job": "Special Effects"
      },
      {
        "adult": false,
        "gender": 0,
        "id": 1871648,
        "known_for_department": "Crew",
        "name": "Walter Van Veenendaal",
        "original_name": "Walter Van Veenendaal",
        "popularity": 0.014,
        "profile_path": null,
        "credit_id": "60e34cc9b3f6f5005c551e65",
        "department": "Crew",
        "job": "Special Effects"
      },
      {
        "adult": false,
        "gender": 0,
        "id": 2554914,
        "known_for_department": "Crew",
        "name": "Gillian Statham",
        "original_name": "Gillian Statham",
        "popularity": 0.546,
        "profile_path": null,
        "credit_id": "60e33d60b76cbb004614f494",
        "department": "Crew",
        "job": "Stunt Double"
      },
      {
        "adult": false,
        "gender": 0,
        "id": 79377,
        "known_for_department": "Acting",
        "name": "Richard Boué",
        "original_name": "Richard Boué",
        "popularity": 0.652,
        "profile_path": null,
        "credit_id": "60e33dfea3b5e6005d8cb5d7",
        "department": "Crew",
        "job": "Stunts"
      },
      {
        "adult": false,
        "gender": 0,
        "id": 1871664,
        "known_for_department": "Crew",
        "name": "Dar Davies",
        "original_name": "Dar Davies",
        "popularity": 1.113,
        "profile_path": null,
        "credit_id": "60e33f09b76cbb0073e03211",
        "department": "Crew",
        "job": "Stunts"
      },
      {
        "adult": false,
        "gender": 0,
        "id": 2649577,
        "known_for_department": "Crew",
        "name": "Brit Sooby",
        "original_name": "Brit Sooby",
        "popularity": 0.682,
        "profile_path": null,
        "credit_id": "60e340845e14e5002c03b842",
        "department": "Crew",
        "job": "Stunts"
      },
      {
        "adult": false,
        "gender": 2,
        "id": 1634439,
        "known_for_department": "Crew",
        "name": "Brett Praed",
        "original_name": "Brett Praed",
        "popularity": 1.593,
        "profile_path": "/pz1lgVP2VeMnNJ672TVR83L8Rky.jpg",
        "credit_id": "60e34176caa5080048e8b74d",
        "department": "Crew",
        "job": "Stunts"
      },
      {
        "adult": false,
        "gender": 0,
        "id": 1925619,
        "known_for_department": "Visual Effects",
        "name": "Lou Stefanel",
        "original_name": "Lou Stefanel",
        "popularity": 0.16,
        "profile_path": null,
        "credit_id": "60e34c9c5e14e5002c03d12d",
        "department": "Crew",
        "job": "Special Effects"
      },
      {
        "adult": false,
        "gender": 0,
        "id": 3114019,
        "known_for_department": "Visual Effects",
        "name": "David Pride",
        "original_name": "David Pride",
        "popularity": 0.001,
        "profile_path": null,
        "credit_id": "60e34817b3f6f5005c5512be",
        "department": "Crew",
        "job": "Special Effects"
      },
      {
        "adult": false,
        "gender": 0,
        "id": 1454928,
        "known_for_department": "Costume & Make-Up",
        "name": "Nikki Gooley",
        "original_name": "Nikki Gooley",
        "popularity": 1.023,
        "profile_path": null,
        "credit_id": "60e34d3c5e14e5005c011d11",
        "department": "Costume & Make-Up",
        "job": "Key Makeup Artist"
      },
      {
        "adult": false,
        "gender": 0,
        "id": 1838260,
        "known_for_department": "Costume & Make-Up",
        "name": "Andrea Hood",
        "original_name": "Andrea Hood",
        "popularity": 0.737,
        "profile_path": null,
        "credit_id": "60e34dd527ff990074dc5c97",
        "department": "Costume & Make-Up",
        "job": "Costumer"
      },
      {
        "adult": false,
        "gender": 2,
        "id": 75131,
        "known_for_department": "Acting",
        "name": "Nash Edgerton",
        "original_name": "Nash Edgerton",
        "popularity": 2.105,
        "profile_path": "/4APzupXhj00RkLJyjzYTkvk47Dw.jpg",
        "credit_id": "60e33d74258823005d7e809f",
        "department": "Crew",
        "job": "Stunt Double"
      },
      {
        "adult": false,
        "gender": 0,
        "id": 1871651,
        "known_for_department": "Crew",
        "name": "David Young",
        "original_name": "David Young",
        "popularity": 0.37,
        "profile_path": null,
        "credit_id": "60e348d422e4800060307a04",
        "department": "Crew",
        "job": "Special Effects"
      },
      {
        "adult": false,
        "gender": 0,
        "id": 2503661,
        "known_for_department": "Crew",
        "name": "Marijke Rikki van Gyen",
        "original_name": "Marijke Rikki van Gyen",
        "popularity": 0.112,
        "profile_path": null,
        "credit_id": "60e3402a5e14e50046cb1177",
        "department": "Crew",
        "job": "Stunts"
      },
      {
        "adult": false,
        "gender": 0,
        "id": 3113961,
        "known_for_department": "Art",
        "name": "Jon Stiles",
        "original_name": "Jon Stiles",
        "popularity": 0.001,
        "profile_path": null,
        "credit_id": "60e347565e14e5007343d8a9",
        "department": "Art",
        "job": "Standby Painter"
      },
      {
        "adult": false,
        "gender": 2,
        "id": 1640477,
        "known_for_department": "Crew",
        "name": "Brian Ellison",
        "original_name": "Brian Ellison",
        "popularity": 0.286,
        "profile_path": null,
        "credit_id": "60e341e627ff990074dc40c2",
        "department": "Crew",
        "job": "Stunts"
      },
      {
        "adult": false,
        "gender": 2,
        "id": 87811,
        "known_for_department": "Acting",
        "name": "Scott McLean",
        "original_name": "Scott McLean",
        "popularity": 1.135,
        "profile_path": null,
        "credit_id": "60e3420dcaa5080048e8b887",
        "department": "Crew",
        "job": "Stunts"
      },
      {
        "adult": false,
        "gender": 2,
        "id": 1871676,
        "known_for_department": "Crew",
        "name": "Mick Van Moorsel",
        "original_name": "Mick Van Moorsel",
        "popularity": 0.468,
        "profile_path": "/hJ61bVoaI7S50I3nUAhrg0vZUv0.jpg",
        "credit_id": "60e3437507165000461974c6",
        "department": "Crew",
        "job": "Stunts"
      },
      {
        "adult": false,
        "gender": 0,
        "id": 1569399,
        "known_for_department": "Visual Effects",
        "name": "Lloyd Finnemore",
        "original_name": "Lloyd Finnemore",
        "popularity": 0.585,
        "profile_path": null,
        "credit_id": "60e34a0284591c0074b3d132",
        "department": "Crew",
        "job": "Special Effects"
      },
      {
        "adult": false,
        "gender": 0,
        "id": 2543350,
        "known_for_department": "Crew",
        "name": "Ray Fowler",
        "original_name": "Ray Fowler",
        "popularity": 0.001,
        "profile_path": null,
        "credit_id": "60e34a5dcaa50800801c42e8",
        "department": "Crew",
        "job": "Special Effects"
      },
      {
        "adult": false,
        "gender": 1,
        "id": 1546585,
        "known_for_department": "Sound",
        "name": "Nancy Barker",
        "original_name": "Nancy Barker",
        "popularity": 1.07,
        "profile_path": null,
        "credit_id": "60e34fd45e14e5005c01217c",
        "department": "Sound",
        "job": "First Assistant Sound Editor"
      },
      {
        "adult": false,
        "gender": 1,
        "id": 1461371,
        "known_for_department": "Sound",
        "name": "Mary Jo Lang",
        "original_name": "Mary Jo Lang",
        "popularity": 0.624,
        "profile_path": null,
        "credit_id": "60e358d91e9225002cc81613",
        "department": "Sound",
        "job": "Foley Mixer"
      },
      {
        "adult": false,
        "gender": 0,
        "id": 1878558,
        "known_for_department": "Crew",
        "name": "Suzanne Celeste",
        "original_name": "Suzanne Celeste",
        "popularity": 0.634,
        "profile_path": null,
        "credit_id": "60e35a371e9225007ed67c77",
        "department": "Crew",
        "job": "Dialect Coach"
      },
      {
        "adult": false,
        "gender": 2,
        "id": 1116937,
        "known_for_department": "Sound",
        "name": "John Roesch",
        "original_name": "John Roesch",
        "popularity": 1.246,
        "profile_path": "/sdVwSbK33OmcniJhX8ZkTByQmLQ.jpg",
        "credit_id": "60e3591f0716500046199fb6",
        "department": "Sound",
        "job": "Foley Artist"
      },
      {
        "adult": false,
        "gender": 0,
        "id": 1677824,
        "known_for_department": "Sound",
        "name": "Valerie Davidson",
        "original_name": "Valerie Davidson",
        "popularity": 0.659,
        "profile_path": null,
        "credit_id": "60e34f8c4ca6760075045fbc",
        "department": "Sound",
        "job": "Foley Editor"
      },
      {
        "adult": false,
        "gender": 0,
        "id": 1110476,
        "known_for_department": "Crew",
        "name": "Peter Collias",
        "original_name": "Peter Collias",
        "popularity": 0.523,
        "profile_path": null,
        "credit_id": "60e35b7d6bdec3004601cf16",
        "department": "Crew",
        "job": "Scenic Artist"
      },
      {
        "adult": false,
        "gender": 0,
        "id": 1380477,
        "known_for_department": "Sound",
        "name": "Barbara Delpuech",
        "original_name": "Barbara Delpuech",
        "popularity": 0.177,
        "profile_path": null,
        "credit_id": "60e3502627ff9900470be43d",
        "department": "Sound",
        "job": "Assistant Sound Editor"
      },
      {
        "adult": false,
        "gender": 1,
        "id": 1341856,
        "known_for_department": "Sound",
        "name": "Hilda Hodges",
        "original_name": "Hilda Hodges",
        "popularity": 3.401,
        "profile_path": null,
        "credit_id": "60e3592d8805510074df4b63",
        "department": "Sound",
        "job": "Foley Artist"
      },
      {
        "adult": false,
        "gender": 0,
        "id": 2641109,
        "known_for_department": "Directing",
        "name": "Toby Pease",
        "original_name": "Toby Pease",
        "popularity": 0.647,
        "profile_path": null,
        "credit_id": "60e35c1a5e14e500734404eb",
        "department": "Directing",
        "job": "Second Unit First Assistant Director"
      },
      {
        "adult": false,
        "gender": 0,
        "id": 1584259,
        "known_for_department": "Production",
        "name": "Grayden Le Breton",
        "original_name": "Grayden Le Breton",
        "popularity": 0.034,
        "profile_path": null,
        "credit_id": "60e35d1c1e9225005dfca503",
        "department": "Production",
        "job": "Assistant Unit Manager"
      },
      {
        "adult": false,
        "gender": 0,
        "id": 91091,
        "known_for_department": "Sound",
        "name": "David McRell",
        "original_name": "David McRell",
        "popularity": 0.58,
        "profile_path": null,
        "credit_id": "60e357d8caa508002efed800",
        "department": "Sound",
        "job": "Assistant Sound Editor"
      },
      {
        "adult": false,
        "gender": 1,
        "id": 1424126,
        "known_for_department": "Sound",
        "name": "Carolyn Tapp",
        "original_name": "Carolyn Tapp",
        "popularity": 0.676,
        "profile_path": null,
        "credit_id": "60e358f8caa508002efeda63",
        "department": "Sound",
        "job": "Foley Mixer"
      },
      {
        "adult": false,
        "gender": 0,
        "id": 2570412,
        "known_for_department": "Production",
        "name": "Marge Rowland",
        "original_name": "Marge Rowland",
        "popularity": 0.149,
        "profile_path": null,
        "credit_id": "60e3596c9974ee0026bb11d0",
        "department": "Production",
        "job": "Production Accountant"
      },
      {
        "adult": false,
        "gender": 2,
        "id": 1994224,
        "known_for_department": "Sound",
        "name": "Thomas J. O'Connell",
        "original_name": "Thomas J. O'Connell",
        "popularity": 3.171,
        "profile_path": null,
        "credit_id": "60e358ae25882300740bb86a",
        "department": "Sound",
        "job": "ADR Mixer"
      },
      {
        "adult": false,
        "gender": 0,
        "id": 1554365,
        "known_for_department": "Editing",
        "name": "Catherine Chase",
        "original_name": "Catherine Chase",
        "popularity": 0.37,
        "profile_path": null,
        "credit_id": "60e34ea8071650007e488484",
        "department": "Editing",
        "job": "First Assistant Editor"
      },
      {
        "adult": false,
        "gender": 0,
        "id": 1564735,
        "known_for_department": "Editing",
        "name": "Noelleen Westcombe",
        "original_name": "Noelleen Westcombe",
        "popularity": 0.457,
        "profile_path": null,
        "credit_id": "60e34efab76cbb0073e057f0",
        "department": "Editing",
        "job": "First Assistant Editor"
      },
      {
        "adult": false,
        "gender": 0,
        "id": 91088,
        "known_for_department": "Sound",
        "name": "Frank Long",
        "original_name": "Frank Long",
        "popularity": 0.001,
        "profile_path": null,
        "credit_id": "60e35802a3b5e600743b4101",
        "department": "Sound",
        "job": "Assistant Sound Editor"
      },
      {
        "adult": false,
        "gender": 2,
        "id": 18899,
        "known_for_department": "Directing",
        "name": "袁和平",
        "original_name": "袁和平",
        "popularity": 6.724,
        "profile_path": "/4NJRnQGrUxqbq9tcl7cpKmd17zh.jpg",
        "credit_id": "64ede7dfc3c89101007e8b0c",
        "department": "Crew",
        "job": "Choreographer"
      },
      {
        "adult": false,
        "gender": 2,
        "id": 3326242,
        "known_for_department": "Art",
        "name": "Fletcher Moules",
        "original_name": "Fletcher Moules",
        "popularity": 1.079,
        "profile_path": "/bCXkOXJTDEwuOOdVzxfgvrTst75.jpg",
        "credit_id": "633eeeb1a4af8f007d1af3b8",
        "department": "Art",
        "job": "Props"
      },
      {
        "adult": false,
        "gender": 1,
        "id": 9340,
        "known_for_department": "Directing",
        "name": "Lana Wachowski",
        "original_name": "Lana Wachowski",
        "popularity": 10.415,
        "profile_path": "/4nE4ttPQBuw1virOz0LYT08c1Vm.jpg",
        "credit_id": "571756c4c3a3687bc70008e9",
        "department": "Directing",
        "job": "Director"
      },
      {
        "adult": false,
        "gender": 1,
        "id": 9339,
        "known_for_department": "Directing",
        "name": "Lilly Wachowski",
        "original_name": "Lilly Wachowski",
        "popularity": 9.917,
        "profile_path": "/afRagUzIMpmaA3EyKtfsY5xA9TK.jpg",
        "credit_id": "571756cfc3a3687c2c000a63",
        "department": "Directing",
        "job": "Director"
      },
      {
        "adult": false,
        "gender": 1,
        "id": 9339,
        "known_for_department": "Directing",
        "name": "Lilly Wachowski",
        "original_name": "Lilly Wachowski",
        "popularity": 9.917,
        "profile_path": "/afRagUzIMpmaA3EyKtfsY5xA9TK.jpg",
        "credit_id": "5831cbe1c3a3685bad024e78",
        "department": "Writing",
        "job": "Writer"
      },
      {
        "adult": false,
        "gender": 1,
        "id": 9340,
        "known_for_department": "Directing",
        "name": "Lana Wachowski",
        "original_name": "Lana Wachowski",
        "popularity": 10.415,
        "profile_path": "/4nE4ttPQBuw1virOz0LYT08c1Vm.jpg",
        "credit_id": "5831cbea92514162d80260e5",
        "department": "Writing",
        "job": "Writer"
      },
      {
        "adult": false,
        "gender": 0,
        "id": 62740,
        "known_for_department": "Production",
        "name": "Richard Mirisch",
        "original_name": "Richard Mirisch",
        "popularity": 0.395,
        "profile_path": null,
        "credit_id": "5831d017c3a3685bad025303",
        "department": "Production",
        "job": "Associate Producer"
      },
      {
        "adult": false,
        "gender": 2,
        "id": 1391711,
        "known_for_department": "Art",
        "name": "Jacinta Leong",
        "original_name": "Jacinta Leong",
        "popularity": 0.83,
        "profile_path": null,
        "credit_id": "5831d0d592514162c9028394",
        "department": "Art",
        "job": "Set Designer"
      },
      {
        "adult": false,
        "gender": 0,
        "id": 1392681,
        "known_for_department": "Art",
        "name": "Sarah Light",
        "original_name": "Sarah Light",
        "popularity": 0.1,
        "profile_path": null,
        "credit_id": "5831d0c892514162d202786e",
        "department": "Art",
        "job": "Set Designer"
      },
      {
        "adult": false,
        "gender": 2,
        "id": 1454936,
        "known_for_department": "Visual Effects",
        "name": "Brian Cox",
        "original_name": "Brian Cox",
        "popularity": 0.626,
        "profile_path": null,
        "credit_id": "5831d457c3a3685bb0026404",
        "department": "Visual Effects",
        "job": "Special Effects Supervisor"
      },
      {
        "adult": false,
        "gender": 2,
        "id": 113051,
        "known_for_department": "Sound",
        "name": "David Grimaldi",
        "original_name": "David Grimaldi",
        "popularity": 0.815,
        "profile_path": null,
        "credit_id": "5831d75492514162cb028dda",
        "department": "Sound",
        "job": "Sound Effects Editor"
      },
      {
        "adult": false,
        "gender": 2,
        "id": 1296,
        "known_for_department": "Production",
        "name": "Bruce Berman",
        "original_name": "Bruce Berman",
        "popularity": 0.824,
        "profile_path": "/qMVfprJJgjC04fWKdyN9poIWysZ.jpg",
        "credit_id": "5831cd3392514162d202741f",
        "department": "Production",
        "job": "Executive Producer"
      },
      {
        "adult": false,
        "gender": 1,
        "id": 88435,
        "known_for_department": "Production",
        "name": "Carol Hughes",
        "original_name": "Carol Hughes",
        "popularity": 0.713,
        "profile_path": null,
        "credit_id": "5831d00bc3a3685b9d028c76",
        "department": "Production",
        "job": "Associate Producer"
      },
      {
        "adult": false,
        "gender": 0,
        "id": 1392669,
        "known_for_department": "Art",
        "name": "Fiona Scott",
        "original_name": "Fiona Scott",
        "popularity": 0.227,
        "profile_path": null,
        "credit_id": "5831d041c3a3685b9a02794c",
        "department": "Art",
        "job": "Assistant Art Director"
      },
      {
        "adult": false,
        "gender": 0,
        "id": 1711544,
        "known_for_department": "Art",
        "name": "Trish Foreman",
        "original_name": "Trish Foreman",
        "popularity": 0.001,
        "profile_path": null,
        "credit_id": "5831d09fc3a3685ba102b98c",
        "department": "Art",
        "job": "Art Department Coordinator"
      },
      {
        "adult": false,
        "gender": 0,
        "id": 1711546,
        "known_for_department": "Art",
        "name": "Andrew Powell",
        "original_name": "Andrew Powell",
        "popularity": 0.001,
        "profile_path": null,
        "credit_id": "5831d134c3a3685bb002610c",
        "department": "Art",
        "job": "Set Designer"
      },
      {
        "adult": false,
        "gender": 0,
        "id": 1470982,
        "known_for_department": "Directing",
        "name": "Victoria Sullivan",
        "original_name": "Victoria Sullivan",
        "popularity": 0.954,
        "profile_path": null,
        "credit_id": "5831d186c3a3685ba102ba8f",
        "department": "Directing",
        "job": "Script Supervisor"
      },
      {
        "adult": false,
        "gender": 0,
        "id": 1392719,
        "known_for_department": "Camera",
        "name": "Robert Agganis",
        "original_name": "Robert Agganis",
        "popularity": 0.12,
        "profile_path": null,
        "credit_id": "5831d1dfc3a3685b93025c29",
        "department": "Camera",
        "job": "Camera Operator"
      },
      {
        "adult": false,
        "gender": 0,
        "id": 1418264,
        "known_for_department": "Costume & Make-Up",
        "name": "Cheryl Williams",
        "original_name": "Cheryl Williams",
        "popularity": 0.107,
        "profile_path": null,
        "credit_id": "5831d4e2c3a3685ba8027aec",
        "department": "Costume & Make-Up",
        "job": "Hairstylist"
      },
      {
        "adult": false,
        "gender": 2,
        "id": 9420,
        "known_for_department": "Art",
        "name": "Jules Cook",
        "original_name": "Jules Cook",
        "popularity": 0.796,
        "profile_path": "/qFKAnJ89NrdGaCsbtwAuwMVQ2q9.jpg",
        "credit_id": "5831d03892514162d20277d6",
        "department": "Art",
        "job": "Assistant Art Director"
      },
      {
        "adult": false,
        "gender": 0,
        "id": 1575727,
        "known_for_department": "Art",
        "name": "Tim Ferrier",
        "original_name": "Tim Ferrier",
        "popularity": 0.631,
        "profile_path": null,
        "credit_id": "5831d15ac3a3685ba802774d",
        "department": "Art",
        "job": "Set Decoration"
      },
      {
        "adult": false,
        "gender": 1,
        "id": 1711547,
        "known_for_department": "Art",
        "name": "Marta McElroy",
        "original_name": "Marta McElroy",
        "popularity": 0.006,
        "profile_path": null,
        "credit_id": "5831d173c3a3685ba102ba75",
        "department": "Art",
        "job": "Set Decoration"
      },
      {
        "adult": false,
        "gender": 0,
        "id": 1711577,
        "known_for_department": "Production",
        "name": "Megan Worthy",
        "original_name": "Megan Worthy",
        "popularity": 0.129,
        "profile_path": null,
        "credit_id": "5831d8c192514162cf02806d",
        "department": "Production",
        "job": "Production Coordinator"
      },
      {
        "adult": false,
        "gender": 2,
        "id": 9351,
        "known_for_department": "Sound",
        "name": "Zigmund Gron",
        "original_name": "Zigmund Gron",
        "popularity": 1.136,
        "profile_path": null,
        "credit_id": "5831d85292514162cb028f00",
        "department": "Sound",
        "job": "Music Editor"
      },
      {
        "adult": false,
        "gender": 1,
        "id": 88435,
        "known_for_department": "Production",
        "name": "Carol Hughes",
        "original_name": "Carol Hughes",
        "popularity": 0.713,
        "profile_path": null,
        "credit_id": "5831cef0c3a3685bad0251b0",
        "department": "Production",
        "job": "Unit Production Manager"
      },
      {
        "adult": false,
        "gender": 0,
        "id": 1711545,
        "known_for_department": "Art",
        "name": "Godric Cole",
        "original_name": "Godric Cole",
        "popularity": 0.003,
        "profile_path": null,
        "credit_id": "5831d0eb92514162cb028661",
        "department": "Art",
        "job": "Set Designer"
      },
      {
        "adult": false,
        "gender": 2,
        "id": 9349,
        "known_for_department": "Sound",
        "name": "Dane A. Davis",
        "original_name": "Dane A. Davis",
        "popularity": 1.62,
        "profile_path": null,
        "credit_id": "5831cf1b92514162c0027381",
        "department": "Sound",
        "job": "Supervising Sound Editor"
      },
      {
        "adult": false,
        "gender": 0,
        "id": 1434214,
        "known_for_department": "Crew",
        "name": "Kate Crossley",
        "original_name": "Kate Crossley",
        "popularity": 0.372,
        "profile_path": null,
        "credit_id": "5831d719c3a3685bb0026755",
        "department": "Crew",
        "job": "Visual Effects Editor"
      },
      {
        "adult": false,
        "gender": 2,
        "id": 1418270,
        "known_for_department": "Art",
        "name": "Tony Williams",
        "original_name": "Tony Williams",
        "popularity": 0.497,
        "profile_path": null,
        "credit_id": "5831d079c3a3685ba8027667",
        "department": "Art",
        "job": "Assistant Art Director"
      },
      {
        "adult": false,
        "gender": 2,
        "id": 1392718,
        "known_for_department": "Camera",
        "name": "Jasin Boland",
        "original_name": "Jasin Boland",
        "popularity": 0.775,
        "profile_path": null,
        "credit_id": "5831d21092514162c302714f",
        "department": "Camera",
        "job": "Still Photographer"
      },
      {
        "adult": false,
        "gender": 0,
        "id": 1342626,
        "known_for_department": "Sound",
        "name": "John T. Reitz",
        "original_name": "John T. Reitz",
        "popularity": 1.354,
        "profile_path": null,
        "credit_id": "5831d799c3a3685b96023249",
        "department": "Sound",
        "job": "Sound Re-Recording Mixer"
      },
      {
        "adult": false,
        "gender": 2,
        "id": 1341858,
        "known_for_department": "Sound",
        "name": "Gregg Rudloff",
        "original_name": "Gregg Rudloff",
        "popularity": 2.297,
        "profile_path": null,
        "credit_id": "5831d7a592514162cb028e28",
        "department": "Sound",
        "job": "Sound Re-Recording Mixer"
      },
      {
        "adult": false,
        "gender": 0,
        "id": 1537143,
        "known_for_department": "Sound",
        "name": "Lori L. Eschler",
        "original_name": "Lori L. Eschler",
        "popularity": 0.001,
        "profile_path": null,
        "credit_id": "5831d82592514162cf027fc6",
        "department": "Sound",
        "job": "Music Editor"
      },
      {
        "adult": false,
        "gender": 2,
        "id": 123,
        "known_for_department": "Production",
        "name": "Barrie M. Osborne",
        "original_name": "Barrie M. Osborne",
        "popularity": 3.161,
        "profile_path": "/xWtXYk6M5NFroddcQDviLlxOnkU.jpg",
        "credit_id": "5831cc6d92514162d2027340",
        "department": "Production",
        "job": "Executive Producer"
      },
      {
        "adult": false,
        "gender": 0,
        "id": 1392722,
        "known_for_department": "Lighting",
        "name": "Reg Garside",
        "original_name": "Reg Garside",
        "popularity": 0.652,
        "profile_path": null,
        "credit_id": "5831d3d7c3a3685b93025e1b",
        "department": "Lighting",
        "job": "Gaffer"
      },
      {
        "adult": false,
        "gender": 0,
        "id": 1619685,
        "known_for_department": "Costume & Make-Up",
        "name": "Lyn Askew",
        "original_name": "Lyn Askew",
        "popularity": 0.331,
        "profile_path": null,
        "credit_id": "5831d6e8c3a3685b9a028078",
        "department": "Costume & Make-Up",
        "job": "Costume Supervisor"
      },
      {
        "adult": false,
        "gender": 0,
        "id": 1412758,
        "known_for_department": "Crew",
        "name": "Fiona Searson",
        "original_name": "Fiona Searson",
        "popularity": 0.677,
        "profile_path": null,
        "credit_id": "5831d8e992514162d8026ebe",
        "department": "Production",
        "job": "Publicist"
      },
      {
        "adult": false,
        "gender": 1,
        "id": 6411,
        "known_for_department": "Art",
        "name": "Deborah Riley",
        "original_name": "Deborah Riley",
        "popularity": 0.701,
        "profile_path": "/cjhADpqdrnwB1PdDUKaBnWrIj2Q.jpg",
        "credit_id": "5831d14cc3a3685ba8027740",
        "department": "Art",
        "job": "Set Designer"
      },
      {
        "adult": false,
        "gender": 1,
        "id": 143915,
        "known_for_department": "Sound",
        "name": "Julia Evershade",
        "original_name": "Julia Evershade",
        "popularity": 0.664,
        "profile_path": null,
        "credit_id": "5831d72dc3a3685b960231d5",
        "department": "Sound",
        "job": "Sound Effects Editor"
      },
      {
        "adult": false,
        "gender": 0,
        "id": 9593,
        "known_for_department": "Visual Effects",
        "name": "Steve Courtley",
        "original_name": "Steve Courtley",
        "popularity": 0.309,
        "profile_path": null,
        "credit_id": "5831d409c3a3685b93025e33",
        "department": "Visual Effects",
        "job": "Special Effects Supervisor"
      },
      {
        "adult": false,
        "gender": 0,
        "id": 1711553,
        "known_for_department": "Crew",
        "name": "Robina Osbourne",
        "original_name": "Robina Osbourne",
        "popularity": 0.001,
        "profile_path": null,
        "credit_id": "5831d474c3a3685bad025731",
        "department": "Crew",
        "job": "Special Effects Coordinator"
      },
      {
        "adult": false,
        "gender": 0,
        "id": 1536539,
        "known_for_department": "Costume & Make-Up",
        "name": "Deborah Taylor",
        "original_name": "Deborah Taylor",
        "popularity": 0.695,
        "profile_path": null,
        "credit_id": "5831d4b6c3a3685ba102be38",
        "department": "Costume & Make-Up",
        "job": "Makeup Artist"
      },
      {
        "adult": false,
        "gender": 0,
        "id": 9357,
        "known_for_department": "Crew",
        "name": "Glenn Boswell",
        "original_name": "Glenn Boswell",
        "popularity": 0.748,
        "profile_path": "/pIsBLm6zLeMpjEkrQw4ICQgZ3OQ.jpg",
        "credit_id": "5831cfcbc3a3685b9a0278bb",
        "department": "Crew",
        "job": "Stunt Coordinator"
      },
      {
        "adult": false,
        "gender": 2,
        "id": 1341854,
        "known_for_department": "Sound",
        "name": "David E. Campbell",
        "original_name": "David E. Campbell",
        "popularity": 2.445,
        "profile_path": null,
        "credit_id": "5831d7e792514162c0027d28",
        "department": "Sound",
        "job": "Sound Re-Recording Mixer"
      },
      {
        "adult": false,
        "gender": 1,
        "id": 9339,
        "known_for_department": "Directing",
        "name": "Lilly Wachowski",
        "original_name": "Lilly Wachowski",
        "popularity": 9.917,
        "profile_path": "/afRagUzIMpmaA3EyKtfsY5xA9TK.jpg",
        "credit_id": "5831ccfe92514162d8026200",
        "department": "Production",
        "job": "Executive Producer"
      },
      {
        "adult": false,
        "gender": 0,
        "id": 1711550,
        "known_for_department": "Sound",
        "name": "Jack Friedman",
        "original_name": "Jack Friedman",
        "popularity": 0.268,
        "profile_path": null,
        "credit_id": "5831d372c3a3685b96022e35",
        "department": "Sound",
        "job": "Boom Operator"
      },
      {
        "adult": false,
        "gender": 0,
        "id": 1711551,
        "known_for_department": "Sound",
        "name": "Gerry Nucifora",
        "original_name": "Gerry Nucifora",
        "popularity": 0.1,
        "profile_path": null,
        "credit_id": "5831d386c3a3685bb0026365",
        "department": "Sound",
        "job": "Boom Operator"
      },
      {
        "adult": false,
        "gender": 2,
        "id": 8299,
        "known_for_department": "Production",
        "name": "Andrew Mason",
        "original_name": "Andrew Mason",
        "popularity": 3.651,
        "profile_path": null,
        "credit_id": "5831cc77c3a3685ba102b4a5",
        "department": "Production",
        "job": "Executive Producer"
      },
      {
        "adult": false,
        "gender": 2,
        "id": 57526,
        "known_for_department": "Production",
        "name": "Dan Cracchiolo",
        "original_name": "Dan Cracchiolo",
        "popularity": 1.485,
        "profile_path": null,
        "credit_id": "5831cd9292514162d8026298",
        "department": "Production",
        "job": "Co-Producer"
      },
      {
        "adult": false,
        "gender": 2,
        "id": 105108,
        "known_for_department": "Visual Effects",
        "name": "John Gaeta",
        "original_name": "John Gaeta",
        "popularity": 0.705,
        "profile_path": "/kUzIrTvPr8g4vbVXxDd36IgfuGR.jpg",
        "credit_id": "5831ce5cc3a3685bb0025e2d",
        "department": "Visual Effects",
        "job": "Visual Effects Supervisor"
      },
      {
        "adult": false,
        "gender": 2,
        "id": 9349,
        "known_for_department": "Sound",
        "name": "Dane A. Davis",
        "original_name": "Dane A. Davis",
        "popularity": 1.62,
        "profile_path": null,
        "credit_id": "5831cf1492514162c3026dfe",
        "department": "Sound",
        "job": "Sound Designer"
      },
      {
        "adult": false,
        "gender": 0,
        "id": 1392692,
        "known_for_department": "Art",
        "name": "Judith Harvey",
        "original_name": "Judith Harvey",
        "popularity": 0.043,
        "profile_path": null,
        "credit_id": "5831d0fa92514162c90283c1",
        "department": "Art",
        "job": "Set Designer"
      },
      {
        "adult": false,
        "gender": 0,
        "id": 1338152,
        "known_for_department": "Sound",
        "name": "Eric Lindemann",
        "original_name": "Eric Lindemann",
        "popularity": 1.732,
        "profile_path": null,
        "credit_id": "5831d743c3a3685bad025a34",
        "department": "Sound",
        "job": "Sound Effects Editor"
      },
      {
        "adult": false,
        "gender": 0,
        "id": 1569080,
        "known_for_department": "Production",
        "name": "Peter Lawless",
        "original_name": "Peter Lawless",
        "popularity": 1.842,
        "profile_path": null,
        "credit_id": "5831d8b0c3a3685ba8027f26",
        "department": "Production",
        "job": "Location Manager"
      },
      {
        "adult": false,
        "gender": 1,
        "id": 9340,
        "known_for_department": "Directing",
        "name": "Lana Wachowski",
        "original_name": "Lana Wachowski",
        "popularity": 10.415,
        "profile_path": "/4nE4ttPQBuw1virOz0LYT08c1Vm.jpg",
        "credit_id": "5831ccf2c3a3685bb0025cbd",
        "department": "Production",
        "job": "Executive Producer"
      },
      {
        "adult": false,
        "gender": 2,
        "id": 10950,
        "known_for_department": "Production",
        "name": "Erwin Stoff",
        "original_name": "Erwin Stoff",
        "popularity": 1.182,
        "profile_path": null,
        "credit_id": "5831cd20c3a3685b9a0275df",
        "department": "Production",
        "job": "Executive Producer"
      },
      {
        "adult": false,
        "gender": 0,
        "id": 1578018,
        "known_for_department": "Camera",
        "name": "David Williamson",
        "original_name": "David Williamson",
        "popularity": 0.065,
        "profile_path": null,
        "credit_id": "5831d1ce92514162cf0278f4",
        "department": "Camera",
        "job": "Camera Operator"
      },
      {
        "adult": false,
        "gender": 0,
        "id": 1392719,
        "known_for_department": "Camera",
        "name": "Robert Agganis",
        "original_name": "Robert Agganis",
        "popularity": 0.12,
        "profile_path": null,
        "credit_id": "5831d1e5c3a3685b93025c31",
        "department": "Camera",
        "job": "Steadicam Operator"
      },
      {
        "adult": false,
        "gender": 2,
        "id": 970283,
        "known_for_department": "Art",
        "name": "Simon Whiteley",
        "original_name": "Simon Whiteley",
        "popularity": 0.674,
        "profile_path": "/pxJKhkHx2bxx5cfHkbCjYzOdskT.jpg",
        "credit_id": "666e9f928ac243708e7da714",
        "department": "Visual Effects",
        "job": "Visual Effects Designer"
      },
      {
        "adult": false,
        "gender": 2,
        "id": 1711549,
        "known_for_department": "Sound",
        "name": "David Lee",
        "original_name": "David Lee",
        "popularity": 1.053,
        "profile_path": null,
        "credit_id": "5af402fcc3a368214800a295",
        "department": "Sound",
        "job": "Sound Recordist"
      },
      {
        "adult": false,
        "gender": 1,
        "id": 1378225,
        "known_for_department": "Sound",
        "name": "Susan Dudeck",
        "original_name": "Susan Dudeck",
        "popularity": 1.999,
        "profile_path": null,
        "credit_id": "5af40667c3a3682160007799",
        "department": "Sound",
        "job": "Dialogue Editor"
      },
      {
        "adult": false,
        "gender": 2,
        "id": 11266,
        "known_for_department": "Directing",
        "name": "James McTeigue",
        "original_name": "James McTeigue",
        "popularity": 4.693,
        "profile_path": "/8aUklN9PpswTG8DnhVAY92koRMC.jpg",
        "credit_id": "5af40a81925141787a007bd0",
        "department": "Directing",
        "job": "First Assistant Director"
      },
      {
        "adult": false,
        "gender": 0,
        "id": 91093,
        "known_for_department": "Sound",
        "name": "Charles W. Ritter",
        "original_name": "Charles W. Ritter",
        "popularity": 0.686,
        "profile_path": null,
        "credit_id": "5af406920e0a26396e00791f",
        "department": "Sound",
        "job": "Dialogue Editor"
      },
      {
        "adult": false,
        "gender": 0,
        "id": 1470969,
        "known_for_department": "Art",
        "name": "Lon Lucini",
        "original_name": "Lon Lucini",
        "popularity": 0.15,
        "profile_path": null,
        "credit_id": "5af406af0e0a26394b006a49",
        "department": "Art",
        "job": "Property Master"
      },
      {
        "adult": false,
        "gender": 0,
        "id": 1153775,
        "known_for_department": "Directing",
        "name": "Colin Fletcher",
        "original_name": "Colin Fletcher",
        "popularity": 0.584,
        "profile_path": null,
        "credit_id": "5af40a5892514179fc006bd8",
        "department": "Directing",
        "job": "First Assistant Director"
      },
      {
        "adult": false,
        "gender": 2,
        "id": 3897116,
        "known_for_department": "Sound",
        "name": "David Shamban",
        "original_name": "David Shamban",
        "popularity": 0.001,
        "profile_path": null,
        "credit_id": "649722b46f43ec011c61f6be",
        "department": "Sound",
        "job": "Musician"
      },
      {
        "adult": false,
        "gender": 2,
        "id": 5392,
        "known_for_department": "Costume & Make-Up",
        "name": "Michael Wilkinson",
        "original_name": "Michael Wilkinson",
        "popularity": 2.7,
        "profile_path": "/tD8iThER9b45YaDqgOqtAFFmEHd.jpg",
        "credit_id": "5f29da79d8cc4a00371afcaa",
        "department": "Costume & Make-Up",
        "job": "Costume Assistant"
      },
      {
        "adult": false,
        "gender": 2,
        "id": 1401968,
        "known_for_department": "Visual Effects",
        "name": "Janek Sirrs",
        "original_name": "Janek Sirrs",
        "popularity": 0.427,
        "profile_path": "/vNajs9SB8MZKYSxnIzKOTdE1eKL.jpg",
        "credit_id": "66db9957bea4c3b2126cee72",
        "department": "Visual Effects",
        "job": "Visual Effects Supervisor"
      },
      {
        "adult": false,
        "gender": 2,
        "id": 236116,
        "known_for_department": "Acting",
        "name": "林迪安",
        "original_name": "林迪安",
        "popularity": 3.591,
        "profile_path": "/8J139Cfjqsqbop95v7BHhYFUy1I.jpg",
        "credit_id": "671c6b6c27bd57d91f62b666",
        "department": "Crew",
        "job": "Stunt Coordinator"
      }
    ]
  }